epoch,train_loss,val_loss,train_error1,val_error1,train_error5,val_error5
1,3.302483614959717,4.443842632675171,63.974,62.33,15.085999999999999,14.61
2,1.9043772848320006,1.2815783254146575,47.704,36.32,6.915999999999997,3.4099999999999966
3,1.183657706642151,0.9653349063873291,35.876000000000005,30.11,3.524000000000001,2.180000000000007
4,0.9049029126930237,0.8178014728069305,29.378,26.459999999999994,2.2920000000000016,1.7900000000000063
5,0.7595915629959107,0.7214418473243713,25.278000000000006,23.379999999999995,1.7279999999999944,1.4099999999999966
6,0.6446581717681885,0.6738749539852142,21.965999999999994,21.590000000000003,1.293999999999997,1.2099999999999937
7,0.569967943019867,0.6389722942352295,19.575999999999993,20.569999999999993,0.9260000000000019,0.9899999999999949
8,0.520464088382721,0.570530978679657,17.775999999999996,18.019999999999996,0.7939999999999969,0.9300000000000068
9,0.47708839769363404,0.5220316402435303,16.394000000000005,16.810000000000002,0.7199999999999989,0.8700000000000045
10,0.4272281973934174,0.5603553384304046,14.616,17.430000000000007,0.5699999999999932,0.8700000000000045
11,0.38645422080039976,0.5021606384277344,13.361999999999995,15.519999999999996,0.5019999999999953,0.7099999999999937
12,0.35954075803756713,0.47338063504695893,12.358000000000004,14.650000000000006,0.39400000000000546,0.5799999999999983
13,0.32367188757896426,0.4414792858839035,11.230000000000004,14.040000000000006,0.29999999999999716,0.4899999999999949
14,0.293265778799057,0.45729201107025147,10.225999999999999,13.75,0.23999999999999488,0.5999999999999943
15,0.263361863861084,0.4509832787513733,9.203999999999994,13.329999999999998,0.18999999999999773,0.5699999999999932
16,0.24001369687080384,0.43107944231033324,8.248000000000005,13.019999999999996,0.17799999999999727,0.45000000000000284
17,0.2186459492301941,0.43850547246932986,7.745999999999995,12.86,0.12999999999999545,0.45999999999999375
18,0.19638011753559112,0.4579823498725891,6.841999999999999,12.920000000000002,0.11400000000000432,0.519999999999996
19,0.17790227252960206,0.4422244318962097,6.224000000000004,12.530000000000001,0.08199999999999363,0.4899999999999949
20,0.16680023077964784,0.4342863333702087,5.8940000000000055,11.769999999999996,0.06999999999999318,0.5
21,0.14677495345115663,0.43020535521507264,5.091999999999999,11.590000000000003,0.060000000000002274,0.46999999999999886
22,0.1333718799686432,0.4359022511482239,4.6440000000000055,12.0,0.04200000000000159,0.45999999999999375
23,0.12124335364103317,0.44926421251297,4.162000000000006,11.799999999999997,0.030000000000001137,0.37999999999999545
24,0.11223505799293518,0.4554252031326294,3.9180000000000064,11.689999999999998,0.02200000000000557,0.45000000000000284
25,0.10367414657354355,0.4544783703804016,3.5420000000000016,11.290000000000006,0.030000000000001137,0.45999999999999375
26,0.08788397049665451,0.4555057827949524,3.0060000000000002,11.590000000000003,0.013999999999995794,0.39000000000000057
27,0.082314932076931,0.45393683466911317,2.837999999999994,11.189999999999998,0.016000000000005343,0.45000000000000284
28,0.07830499365091324,0.4555963489532471,2.7560000000000002,10.689999999999998,0.006000000000000227,0.3499999999999943
29,0.07020811317205429,0.46674321422576903,2.4240000000000066,10.790000000000006,0.010000000000005116,0.4200000000000017
30,0.06440723853945732,0.42883473196029664,2.2099999999999937,10.299999999999997,0.0,0.3499999999999943
31,0.06098644494533539,0.4604861690998077,2.108000000000004,10.989999999999995,0.0040000000000048885,0.4399999999999977
32,0.05154888386249542,0.4763943633079529,1.7379999999999995,11.0,0.0040000000000048885,0.45999999999999375
33,0.052880118170380595,0.45809150438308716,1.7319999999999993,10.299999999999997,0.006000000000000227,0.4000000000000057
34,0.04674314613759518,0.4698411520957947,1.5900000000000034,10.420000000000002,0.0040000000000048885,0.45000000000000284
35,0.043785794122219085,0.4669563539505005,1.4180000000000064,10.420000000000002,0.0040000000000048885,0.4200000000000017
36,0.03920987672805786,0.4956065990447998,1.3760000000000048,10.650000000000006,0.001999999999995339,0.4399999999999977
37,0.0418013865673542,0.4668310935974121,1.4320000000000022,10.400000000000006,0.0040000000000048885,0.3400000000000034
38,0.03471881174325943,0.47990692405700686,1.171999999999997,10.11,0.001999999999995339,0.4899999999999949
39,0.03397767063856125,0.48291421966552733,1.1580000000000013,10.209999999999994,0.0,0.45999999999999375
40,0.03075534518957138,0.5028795570373535,1.019999999999996,10.430000000000007,0.0,0.4000000000000057
41,0.02913820424079895,0.4976061230659485,0.9680000000000035,10.400000000000006,0.0,0.4000000000000057
42,0.027502324553132056,0.5045947423934937,0.9440000000000026,10.519999999999996,0.0,0.37000000000000455
43,0.026757590619623663,0.5073151411056519,0.8960000000000008,10.150000000000006,0.001999999999995339,0.37999999999999545
44,0.02648034352093935,0.5056444526672363,0.8840000000000003,10.340000000000003,0.0,0.3400000000000034
45,0.025214684514701366,0.5029301180839538,0.8319999999999936,10.090000000000003,0.0,0.4399999999999977
46,0.026019095108509065,0.5005912137985229,0.8520000000000039,9.680000000000007,0.0,0.3199999999999932
47,0.020436914976090192,0.4896937479019165,0.6740000000000066,9.469999999999999,0.0,0.3199999999999932
48,0.02030879879951477,0.502368797302246,0.6820000000000022,9.829999999999998,0.0,0.4099999999999966
49,0.01984991514325142,0.5131078675270081,0.6500000000000057,10.040000000000006,0.0,0.3400000000000034
50,0.018643751693964004,0.5192684224128723,0.5720000000000027,10.040000000000006,0.0,0.4000000000000057
51,0.018805495537221432,0.4909762783050537,0.6400000000000006,10.099999999999994,0.0,0.3499999999999943
52,0.017586449286341666,0.5073162838935852,0.5759999999999934,9.799999999999997,0.001999999999995339,0.3400000000000034
53,0.016062299998700617,0.5223172096252442,0.5319999999999965,9.849999999999994,0.0,0.4000000000000057
54,0.016083679309785368,0.5308628156661988,0.4959999999999951,9.680000000000007,0.0,0.3400000000000034
55,0.014255287587642669,0.5309996618270874,0.43600000000000705,9.709999999999994,0.0,0.45999999999999375
56,0.012783936729729176,0.4950871127128601,0.39400000000000546,9.319999999999993,0.0,0.3400000000000034
57,0.012670183090269566,0.5395123280525208,0.402000000000001,9.739999999999995,0.0,0.4099999999999966
58,0.011861094096899033,0.5349143325805664,0.36199999999999477,9.629999999999995,0.0,0.4899999999999949
59,0.014486501136422157,0.5283145341873169,0.4140000000000015,9.739999999999995,0.0,0.37999999999999545
60,0.014318762964606284,0.5369640191078187,0.4140000000000015,9.900000000000006,0.0,0.4300000000000068
61,0.012884331794530154,0.5323358085632324,0.41800000000000637,9.650000000000006,0.0,0.3400000000000034
62,0.012620237287133932,0.5281370887756348,0.3859999999999957,9.450000000000003,0.0,0.35999999999999943
63,0.009762598788440227,0.529800882434845,0.29399999999999693,9.450000000000003,0.0,0.39000000000000057
64,0.010194877244532108,0.5067800094604492,0.29399999999999693,9.019999999999996,0.0,0.3299999999999983
65,0.009948177908286452,0.5194623685359955,0.29000000000000625,9.620000000000005,0.001999999999995339,0.29000000000000625
66,0.007963210130929948,0.5368829730033875,0.2259999999999991,9.590000000000003,0.0,0.3100000000000023
67,0.009889727840088307,0.5335496942520142,0.3359999999999985,9.379999999999995,0.0,0.37999999999999545
68,0.009456414158642292,0.5233119669914246,0.29000000000000625,9.340000000000003,0.0,0.3499999999999943
69,0.008927004344165325,0.5279173274040222,0.2680000000000007,9.469999999999999,0.0,0.37999999999999545
70,0.009305485829263925,0.5377451966285706,0.26600000000000534,9.349999999999994,0.0,0.39000000000000057
71,0.008480762691795827,0.5455588054656982,0.2360000000000042,9.420000000000002,0.0,0.3199999999999932
72,0.008320261024832725,0.5311768321037292,0.2560000000000002,9.299999999999997,0.0,0.35999999999999943
73,0.0062577544721961025,0.5405042715072632,0.18999999999999773,9.469999999999999,0.0,0.37999999999999545
74,0.007128934576548636,0.5585665225982666,0.20000000000000284,9.689999999999998,0.0,0.37999999999999545
75,0.006797779348790646,0.5687722332000732,0.19400000000000261,9.459999999999994,0.0,0.29999999999999716
76,0.007799438914358616,0.5537215129852295,0.22400000000000375,9.590000000000003,0.0,0.37000000000000455
77,0.006113692222237587,0.546303203201294,0.1880000000000024,9.450000000000003,0.0,0.3400000000000034
78,0.0059003152724169195,0.5386825134277343,0.17199999999999704,9.25,0.0,0.35999999999999943
79,0.0065571938768401745,0.5490100629806518,0.18600000000000705,9.560000000000002,0.0,0.35999999999999943
80,0.006707197726666927,0.5418538251876831,0.18999999999999773,9.290000000000006,0.0,0.37999999999999545
81,0.005514738736003637,0.5382019405364991,0.13800000000000523,9.209999999999994,0.0,0.37000000000000455
82,0.005459663353972137,0.5495933132171631,0.15000000000000568,9.230000000000004,0.0,0.4200000000000017
83,0.005799072944819927,0.5501293456077576,0.17799999999999727,9.269999999999996,0.0,0.3400000000000034
84,0.004813107077926398,0.5381983861923217,0.15399999999999636,9.079999999999998,0.0,0.4000000000000057
85,0.00444042824819684,0.5421440093994141,0.1280000000000001,9.150000000000006,0.0,0.4000000000000057
86,0.004177168797142803,0.544759582901001,0.10999999999999943,9.159999999999997,0.0,0.4300000000000068
87,0.004659735128283501,0.5584259567260742,0.12399999999999523,9.129999999999995,0.0,0.39000000000000057
88,0.005129807634428144,0.5383165019989014,0.16200000000000614,9.099999999999994,0.0,0.4099999999999966
89,0.004183669322878122,0.5335852025985718,0.11599999999999966,8.939999999999998,0.0,0.37000000000000455
90,0.0033014535045623778,0.5338126751899719,0.08400000000000318,8.89,0.0,0.3299999999999983
91,0.003170903386604041,0.548236819267273,0.07399999999999807,8.700000000000003,0.0,0.29000000000000625
92,0.003389449769407511,0.5388339708328247,0.1039999999999992,8.680000000000007,0.0,0.29000000000000625
93,0.003705015262365341,0.541288694858551,0.09799999999999898,8.969999999999999,0.0,0.3199999999999932
94,0.003293399790935218,0.5531069044113159,0.09000000000000341,8.719999999999999,0.0,0.269999999999996
95,0.0029100637582689525,0.5532738405227661,0.06999999999999318,8.840000000000003,0.0,0.35999999999999943
96,0.0028742611967772246,0.5509902486801147,0.06999999999999318,8.760000000000005,0.0,0.35999999999999943
97,0.0026266135412827134,0.5480399662017822,0.05200000000000671,8.780000000000001,0.0,0.3299999999999983
98,0.002491644717156887,0.5454319812774658,0.055999999999997385,8.790000000000006,0.0,0.39000000000000057
99,0.002456862992346287,0.5458679458618164,0.058000000000006935,8.840000000000003,0.0,0.3199999999999932
100,0.0023182690079789608,0.5518853807449341,0.04999999999999716,8.819999999999993,0.0,0.3299999999999983
101,0.002864826192706823,0.564185761642456,0.07200000000000273,9.209999999999994,0.0,0.3499999999999943
102,0.0023895668188482523,0.5475813047409057,0.054000000000002046,8.870000000000005,0.0,0.28000000000000114
103,0.002272326777353883,0.5681625513076782,0.054000000000002046,9.069999999999993,0.0,0.29000000000000625
104,0.002162853420111351,0.5407137340545655,0.054000000000002046,8.870000000000005,0.0,0.3299999999999983
105,0.002106394228860736,0.543439492225647,0.04600000000000648,8.980000000000004,0.0,0.3499999999999943
106,0.0017958042142167687,0.546521251296997,0.04399999999999693,8.959999999999994,0.0,0.3199999999999932
107,0.0015913240510970353,0.5575872665405274,0.028000000000005798,9.019999999999996,0.0,0.35999999999999943
108,0.0016944546386227011,0.5569252336502075,0.036000000000001364,9.099999999999994,0.0,0.3400000000000034
109,0.0015211033543385565,0.5592159114837646,0.01999999999999602,9.030000000000001,0.0,0.29999999999999716
110,0.0015230471759289503,0.5474074638366699,0.030000000000001137,8.810000000000002,0.0,0.3199999999999932
111,0.0015757478277385235,0.5523003562927246,0.031999999999996476,8.799999999999997,0.0,0.37999999999999545
112,0.0017226507703959942,0.54808733959198,0.0379999999999967,8.769999999999996,0.0,0.3499999999999943
113,0.0011808028988540172,0.5474966214179993,0.018000000000000682,8.75,0.0,0.3100000000000023
114,0.001576111477445811,0.5579945650100708,0.0379999999999967,8.769999999999996,0.0,0.3299999999999983
115,0.001195730232708156,0.5502297159194947,0.013999999999995794,8.819999999999993,0.0,0.3499999999999943
116,0.0013567216519638895,0.5606606554985046,0.031999999999996476,8.790000000000006,0.0,0.3400000000000034
117,0.001114447129741311,0.5462792650222779,0.02200000000000557,8.64,0.0,0.3400000000000034
118,0.0014944334702566267,0.5496748630523681,0.031999999999996476,8.819999999999993,0.0,0.39000000000000057
119,0.001057087410092354,0.542989928150177,0.016000000000005343,8.719999999999999,0.0,0.37999999999999545
120,0.0009594203726667911,0.5458154536247254,0.016000000000005343,8.650000000000006,0.0,0.3400000000000034
121,0.0009429844093881548,0.5392332138061523,0.010000000000005116,8.629999999999995,0.0,0.29999999999999716
122,0.0012071973256394268,0.5415003764152527,0.030000000000001137,8.75,0.0,0.37999999999999545
123,0.0008296893399953843,0.5422285209655762,0.010000000000005116,8.709999999999994,0.0,0.37000000000000455
124,0.001377577081467025,0.5506734642028809,0.030000000000001137,8.709999999999994,0.0,0.37000000000000455
125,0.0012688343965634704,0.5470559152603149,0.031999999999996476,8.650000000000006,0.0,0.4099999999999966
126,0.0009370983690209687,0.5477993810653686,0.018000000000000682,8.599999999999994,0.0,0.3499999999999943
127,0.0009580002119205892,0.53854163646698,0.01999999999999602,8.659999999999997,0.0,0.3400000000000034
128,0.0011890784534066916,0.5525056819915771,0.028000000000005798,8.840000000000003,0.0,0.3499999999999943
129,0.0010357419676706196,0.5582262435913086,0.016000000000005343,8.799999999999997,0.0,0.4000000000000057
130,0.0008112586381100118,0.5421258264541626,0.010000000000005116,8.689999999999998,0.0,0.35999999999999943
131,0.0005719000514200889,0.5399161087036133,0.0,8.549999999999997,0.0,0.3400000000000034
132,0.0007643671393208206,0.5552563199996948,0.012000000000000455,8.790000000000006,0.0,0.39000000000000057
133,0.0007994540586648509,0.5475167665481567,0.007999999999995566,8.849999999999994,0.0,0.4000000000000057
134,0.0006479951753374189,0.5440788631439208,0.0040000000000048885,8.599999999999994,0.0,0.39000000000000057
135,0.0007567491203173995,0.5431581413269043,0.012000000000000455,8.530000000000001,0.0,0.35999999999999943
136,0.00061026461744681,0.5480806095123291,0.007999999999995566,8.700000000000003,0.0,0.4200000000000017
137,0.0005296461065858603,0.5461448837280274,0.001999999999995339,8.579999999999998,0.0,0.3499999999999943
138,0.0009586163351591677,0.5421858156204223,0.01999999999999602,8.560000000000002,0.0,0.29000000000000625
139,0.0008851480046287179,0.5453601013183593,0.016000000000005343,8.64,0.0,0.37000000000000455
140,0.001017612030012533,0.5423794939041138,0.016000000000005343,8.61,0.0,0.269999999999996
141,0.0008441030485928059,0.5411498405456543,0.013999999999995794,8.469999999999999,0.0,0.28000000000000114
142,0.0005377319199475459,0.541152456188202,0.001999999999995339,8.489999999999995,0.0,0.29000000000000625
143,0.000681805619020015,0.5372485380172729,0.007999999999995566,8.39,0.0,0.3499999999999943
144,0.0006250233310461044,0.5422465751647949,0.007999999999995566,8.469999999999999,0.0,0.3199999999999932
145,0.0007456332501396537,0.5495763759613037,0.010000000000005116,8.519999999999996,0.0,0.3299999999999983
146,0.0006073702195100487,0.5406640024185181,0.0040000000000048885,8.549999999999997,0.0,0.3499999999999943
147,0.0005711245859786868,0.5534357074737549,0.007999999999995566,8.549999999999997,0.0,0.35999999999999943
148,0.0005132686226628721,0.5449925857543946,0.0040000000000048885,8.450000000000003,0.0,0.35999999999999943
149,0.0006832237241417169,0.5439724437713623,0.012000000000000455,8.569999999999993,0.0,0.3400000000000034
150,0.0005653706782218069,0.5363165628433227,0.007999999999995566,8.420000000000002,0.0,0.3100000000000023
151,0.0005903908420726657,0.5484036247253418,0.007999999999995566,8.5,0.0,0.4300000000000068
152,0.0005625619698688388,0.5425613456726074,0.007999999999995566,8.480000000000004,0.0,0.3199999999999932
153,0.0006633743926277384,0.5413658597946167,0.013999999999995794,8.579999999999998,0.0,0.28000000000000114
154,0.0005310905816033483,0.5436556856155396,0.001999999999995339,8.530000000000001,0.0,0.3100000000000023
155,0.00042019130028784276,0.532774345779419,0.0040000000000048885,8.370000000000005,0.0,0.29999999999999716
156,0.0005391453414596617,0.5407250060081482,0.007999999999995566,8.5,0.0,0.3299999999999983
157,0.0003898821715544909,0.52848528881073,0.001999999999995339,8.340000000000003,0.0,0.28000000000000114
158,0.0005164274747855961,0.5347776006698608,0.006000000000000227,8.459999999999994,0.0,0.29000000000000625
159,0.0005655813268851488,0.5375948378562927,0.007999999999995566,8.530000000000001,0.0,0.28000000000000114
160,0.0005911119431816042,0.5381710388183594,0.010000000000005116,8.549999999999997,0.0,0.3100000000000023
161,0.00046530050478409975,0.5354943095207214,0.006000000000000227,8.459999999999994,0.0,0.3100000000000023
162,0.0004902981356345117,0.5400209428787232,0.0040000000000048885,8.540000000000006,0.0,0.29999999999999716
163,0.00045762237692135386,0.538378892993927,0.006000000000000227,8.64,0.0,0.29000000000000625
164,0.0005682579925842583,0.547159034729004,0.012000000000000455,8.709999999999994,0.0,0.3299999999999983
165,0.00041041389498859646,0.547358648777008,0.0040000000000048885,8.579999999999998,0.0,0.3199999999999932
166,0.0003249192066304386,0.5460029388427734,0.0,8.61,0.0,0.29000000000000625
167,0.00040967090299353005,0.5340372127532959,0.001999999999995339,8.319999999999993,0.0,0.29000000000000625
168,0.0003559399258159101,0.5322585934638977,0.0040000000000048885,8.299999999999997,0.0,0.3199999999999932
169,0.0004015901584364474,0.5378986698150635,0.0040000000000048885,8.379999999999995,0.0,0.3100000000000023
170,0.00044322231831029057,0.5309368249893188,0.010000000000005116,8.260000000000005,0.0,0.29999999999999716
171,0.000452476613544859,0.5380950231552124,0.007999999999995566,8.269999999999996,0.0,0.29000000000000625
172,0.0003113558573462069,0.5315439083099365,0.0,8.329999999999998,0.0,0.28000000000000114
173,0.00030685096073895693,0.5325296884536743,0.0,8.290000000000006,0.0,0.29000000000000625
174,0.00033927335905376823,0.529744633769989,0.0,8.439999999999998,0.0,0.3400000000000034
175,0.00037319530038861556,0.5305491584777832,0.0040000000000048885,8.400000000000006,0.0,0.3299999999999983
176,0.0003820909164706245,0.5301131300926208,0.0040000000000048885,8.400000000000006,0.0,0.3299999999999983
177,0.00037514346197247507,0.5259477170944213,0.0040000000000048885,8.260000000000005,0.0,0.3199999999999932
178,0.00033680582329630854,0.5356617111206055,0.001999999999995339,8.290000000000006,0.0,0.3299999999999983
179,0.00033193912403192374,0.5264712261199951,0.001999999999995339,8.180000000000007,0.0,0.29999999999999716
180,0.00025285115608479825,0.5276099821090698,0.0,8.159999999999997,0.0,0.29000000000000625
181,0.0003604648661497049,0.5276079364776611,0.006000000000000227,8.25,0.0,0.28000000000000114
182,0.0004218199825659394,0.534644829750061,0.006000000000000227,8.239999999999995,0.0,0.3400000000000034
183,0.00026429141957778484,0.5316793325424194,0.0,8.260000000000005,0.0,0.29000000000000625
184,0.00033129806955344975,0.5512048152923584,0.0040000000000048885,8.459999999999994,0.0,0.3299999999999983
185,0.00030925692447228355,0.53601535282135,0.001999999999995339,8.260000000000005,0.0,0.3499999999999943
186,0.0002955232418095693,0.5390678113937378,0.001999999999995339,8.519999999999996,0.0,0.3400000000000034
187,0.00029134429550729693,0.534264003944397,0.001999999999995339,8.430000000000007,0.0,0.3199999999999932
188,0.000307574279345572,0.5364900442123413,0.001999999999995339,8.430000000000007,0.0,0.29999999999999716
189,0.0003496663028933108,0.5326999357223511,0.0040000000000048885,8.420000000000002,0.0,0.3100000000000023
190,0.0002749054701067507,0.5332881637573242,0.0,8.299999999999997,0.0,0.29999999999999716
191,0.00027681585182901474,0.53165438747406,0.001999999999995339,8.36,0.0,0.3299999999999983
192,0.00029095139031647707,0.5299200650215149,0.001999999999995339,8.370000000000005,0.0,0.29999999999999716
193,0.0002742703636549413,0.5323877149581909,0.001999999999995339,8.340000000000003,0.0,0.3299999999999983
194,0.00026080897066742183,0.5268897924423218,0.001999999999995339,8.310000000000002,0.0,0.3400000000000034
195,0.00025061405286192894,0.5288541551589966,0.001999999999995339,8.219999999999999,0.0,0.3400000000000034
196,0.0002234028753405437,0.5243771808624268,0.0,8.209999999999994,0.0,0.29000000000000625
197,0.0002377263133600354,0.528816728591919,0.0,8.25,0.0,0.3199999999999932
198,0.00023091767011675982,0.5324974544525146,0.0,8.319999999999993,0.0,0.3499999999999943
199,0.0002207222104538232,0.5277199684143067,0.0,8.260000000000005,0.0,0.3100000000000023
200,0.00026524663712596523,0.5280501281738281,0.0040000000000048885,8.329999999999998,0.0,0.3100000000000023
201,0.00021057268785778434,0.5279679207801818,0.0,8.260000000000005,0.0,0.3400000000000034
202,0.0002366993309184909,0.5334053888320923,0.001999999999995339,8.299999999999997,0.0,0.3299999999999983
203,0.0002826556496415287,0.5376706691741944,0.0040000000000048885,8.400000000000006,0.0,0.29000000000000625
204,0.00023950181724503636,0.5361939577102661,0.001999999999995339,8.319999999999993,0.0,0.29999999999999716
205,0.000239418232627213,0.528822534942627,0.001999999999995339,8.230000000000004,0.0,0.29999999999999716
206,0.00021599672857671977,0.5335153674125671,0.0,8.319999999999993,0.0,0.3100000000000023
207,0.0002002903358254116,0.5297349746704102,0.0,8.269999999999996,0.0,0.29999999999999716
208,0.00017712120092473925,0.5310642786026001,0.0,8.200000000000003,0.0,0.29999999999999716
209,0.00019117336969356983,0.5272117149353027,0.0,8.36,0.0,0.29999999999999716
210,0.0001897302715794649,0.5307751323699951,0.0,8.269999999999996,0.0,0.3199999999999932
211,0.0001949701604479924,0.5283443157196045,0.0,8.239999999999995,0.0,0.3199999999999932
212,0.00021784476605709642,0.5256866068840027,0.001999999999995339,8.299999999999997,0.0,0.3100000000000023
213,0.00017978355791186914,0.526814297580719,0.0,8.349999999999994,0.0,0.3199999999999932
214,0.00022034058273769915,0.525193204498291,0.001999999999995339,8.319999999999993,0.0,0.29999999999999716
215,0.00017747453284217045,0.5248708184242249,0.0,8.329999999999998,0.0,0.3100000000000023
216,0.00021827926333993673,0.527374262714386,0.0,8.400000000000006,0.0,0.3199999999999932
217,0.00020336264586541801,0.5297391232490539,0.001999999999995339,8.409999999999997,0.0,0.3199999999999932
218,0.0001896904181689024,0.5264871696472168,0.001999999999995339,8.480000000000004,0.0,0.3199999999999932
219,0.0002562691116798669,0.525530578994751,0.001999999999995339,8.459999999999994,0.0,0.3400000000000034
220,0.0001781947001442313,0.5270627841949463,0.0,8.540000000000006,0.0,0.3199999999999932
221,0.00019739608919247984,0.5253945899963379,0.0,8.480000000000004,0.0,0.3499999999999943
222,0.00017599870078265667,0.5296960161209107,0.0,8.439999999999998,0.0,0.3400000000000034
223,0.00017582532638683916,0.5260374649047852,0.0,8.400000000000006,0.0,0.3199999999999932
224,0.00017831394692417233,0.5248439208984375,0.0,8.329999999999998,0.0,0.3299999999999983
225,0.0001657879887893796,0.5237625699996948,0.0,8.370000000000005,0.0,0.3199999999999932
226,0.00022430529944598675,0.5228009059906006,0.001999999999995339,8.310000000000002,0.0,0.3400000000000034
227,0.00020475384415592998,0.5203623622894287,0.001999999999995339,8.290000000000006,0.0,0.3100000000000023
228,0.0002029249838553369,0.5217217619895935,0.001999999999995339,8.329999999999998,0.0,0.29999999999999716
229,0.00020536690672859548,0.5228308805465698,0.001999999999995339,8.219999999999999,0.0,0.3199999999999932
230,0.00016436685371445491,0.519061261177063,0.0,8.200000000000003,0.0,0.29999999999999716
231,0.00017503816601121798,0.5143470008850097,0.0,8.209999999999994,0.0,0.3100000000000023
232,0.00019067537839058786,0.5196624397277833,0.0,8.379999999999995,0.0,0.3299999999999983
233,0.00016392973763635382,0.5169840609550476,0.0,8.400000000000006,0.0,0.3199999999999932
234,0.00016091344736283644,0.5148393558502198,0.0,8.25,0.0,0.3100000000000023
235,0.00016284478835761548,0.5173101033210754,0.0,8.36,0.0,0.3400000000000034
236,0.000150766568062827,0.5168742931365967,0.0,8.310000000000002,0.0,0.3299999999999983
237,0.00015810316689312458,0.5193071619033813,0.0,8.379999999999995,0.0,0.3499999999999943
238,0.00020443838141858577,0.5156089774131775,0.001999999999995339,8.280000000000001,0.0,0.3299999999999983
239,0.0001822107380529633,0.5181045680046081,0.0,8.319999999999993,0.0,0.3299999999999983
240,0.0001483755991049111,0.5147313597679138,0.0,8.280000000000001,0.0,0.3400000000000034
241,0.00016304145948961378,0.5163774242401123,0.0,8.25,0.0,0.3299999999999983
242,0.00016496450999751688,0.5183468883514404,0.0,8.319999999999993,0.0,0.3400000000000034
243,0.00014060448057716713,0.5171640268325806,0.0,8.36,0.0,0.35999999999999943
244,0.0001501824920042418,0.5177585248947143,0.0,8.269999999999996,0.0,0.3299999999999983
245,0.00014093628326430918,0.5188180519104004,0.0,8.299999999999997,0.0,0.3499999999999943
246,0.00016438235277310015,0.5200823289871216,0.001999999999995339,8.230000000000004,0.0,0.3499999999999943
247,0.00015170731044840069,0.5189002433776856,0.0,8.280000000000001,0.0,0.3499999999999943
248,0.00018489647186361254,0.5170413850784302,0.001999999999995339,8.230000000000004,0.0,0.3400000000000034
249,0.00017073186448775233,0.5169648406028747,0.0,8.299999999999997,0.0,0.3400000000000034
250,0.00015197321731597185,0.5155613489151001,0.0,8.25,0.0,0.3299999999999983
251,0.0001531763496180065,0.5199362580299377,0.0,8.329999999999998,0.0,0.3299999999999983
252,0.00015574069989845156,0.5203561501502991,0.0,8.310000000000002,0.0,0.3499999999999943
253,0.0001491851812368259,0.5171574368476868,0.0,8.209999999999994,0.0,0.3499999999999943
254,0.00014381487807258963,0.5186991234779358,0.0,8.310000000000002,0.0,0.3499999999999943
255,0.0001459497759025544,0.5194226511955261,0.0,8.280000000000001,0.0,0.3499999999999943
256,0.00015756380602717398,0.516983408164978,0.0,8.209999999999994,0.0,0.3299999999999983
257,0.00016425511261448263,0.5138120637893677,0.0,8.370000000000005,0.0,0.3499999999999943
258,0.00016430706899147482,0.5172489100456238,0.0,8.379999999999995,0.0,0.3400000000000034
259,0.00016291424430906772,0.5165301488876343,0.0,8.280000000000001,0.0,0.3499999999999943
260,0.0001425663207191974,0.5148886462211609,0.0,8.310000000000002,0.0,0.3499999999999943
261,0.0001654401891771704,0.5141117156028747,0.0,8.340000000000003,0.0,0.3400000000000034
262,0.0001505782587872818,0.5185496858596802,0.0,8.319999999999993,0.0,0.35999999999999943
263,0.0001446543057775125,0.5164991646766662,0.0,8.239999999999995,0.0,0.35999999999999943
264,0.0001405141431267839,0.5184591582298279,0.0,8.36,0.0,0.3499999999999943
265,0.00021326170194428413,0.5179679358482361,0.001999999999995339,8.329999999999998,0.0,0.3299999999999983
266,0.0001510349553846754,0.5135988384246826,0.0,8.280000000000001,0.0,0.3499999999999943
267,0.0001726414907351136,0.51437161693573,0.0,8.370000000000005,0.0,0.3499999999999943
268,0.00014981444091070444,0.514737652015686,0.0,8.349999999999994,0.0,0.3400000000000034
269,0.00015392335123382507,0.5131848323822021,0.0,8.260000000000005,0.0,0.3199999999999932
270,0.0001420652339234948,0.5133751757621765,0.0,8.209999999999994,0.0,0.3400000000000034
271,0.00016634641902521253,0.511207141494751,0.001999999999995339,8.260000000000005,0.0,0.3199999999999932
272,0.00014141111225704663,0.5126901760101318,0.0,8.370000000000005,0.0,0.3499999999999943
273,0.00015293094364926218,0.5110634088516235,0.001999999999995339,8.349999999999994,0.0,0.3199999999999932
274,0.00020156782227335497,0.5143142281532288,0.001999999999995339,8.290000000000006,0.0,0.37000000000000455
275,0.00014713212898466736,0.5141284219741822,0.0,8.269999999999996,0.0,0.35999999999999943
276,0.00019694773729424922,0.5140707017898559,0.0040000000000048885,8.299999999999997,0.0,0.35999999999999943
277,0.00018900497157126666,0.5109782406806945,0.0,8.170000000000002,0.0,0.35999999999999943
278,0.0001477341807167977,0.507865514087677,0.0,8.260000000000005,0.0,0.3400000000000034
279,0.00014347124758642166,0.5103339190483094,0.0,8.260000000000005,0.0,0.3299999999999983
280,0.00014485444407444449,0.5101486446380615,0.0,8.280000000000001,0.0,0.3400000000000034
281,0.00014356706065125763,0.5113819104194641,0.0,8.219999999999999,0.0,0.35999999999999943
282,0.00014104573933873326,0.5083105142593384,0.0,8.310000000000002,0.0,0.3400000000000034
283,0.00016030892985872925,0.508205101776123,0.001999999999995339,8.150000000000006,0.0,0.3299999999999983
284,0.0001467004463635385,0.5079328746795654,0.0,8.219999999999999,0.0,0.3299999999999983
285,0.000150644186087884,0.5096992217063904,0.0,8.379999999999995,0.0,0.3100000000000023
286,0.00014324633250012994,0.51086167678833,0.0,8.349999999999994,0.0,0.3400000000000034
287,0.0001612175542744808,0.5079765861511231,0.0,8.319999999999993,0.0,0.35999999999999943
288,0.00015172246668487788,0.50877712059021,0.0,8.290000000000006,0.0,0.3400000000000034
289,0.0001582924424065277,0.5050588886260986,0.0,8.25,0.0,0.3400000000000034
290,0.00015028245496563614,0.5064977955818176,0.0,8.36,0.0,0.37999999999999545
291,0.00014592116412706673,0.508073946762085,0.0,8.349999999999994,0.0,0.39000000000000057
292,0.00017626732450444252,0.5093679861068725,0.0,8.340000000000003,0.0,0.3400000000000034
293,0.00015027840240858494,0.5074174233436585,0.0,8.260000000000005,0.0,0.3499999999999943
294,0.0001438578416220844,0.5099464109420776,0.0,8.209999999999994,0.0,0.35999999999999943
295,0.00015725923454388977,0.5105852405548096,0.0,8.230000000000004,0.0,0.37000000000000455
296,0.00013919276292435824,0.5049734747886657,0.0,8.290000000000006,0.0,0.3400000000000034
297,0.0001431677681347355,0.5093274494171143,0.0,8.290000000000006,0.0,0.3499999999999943
298,0.0001370150852086954,0.5052849091529846,0.0,8.290000000000006,0.0,0.35999999999999943
299,0.00014833141265437007,0.5081558681488038,0.0,8.25,0.0,0.35999999999999943
300,0.00017212597546400503,0.5038878060340881,0.0040000000000048885,8.219999999999999,0.0,0.3299999999999983
301,0.00015075750638730823,0.5024732120513916,0.0,8.209999999999994,0.0,0.3400000000000034
302,0.00013621390844928102,0.5048885272979736,0.0,8.239999999999995,0.0,0.3299999999999983
303,0.0001298283909400925,0.5062929801940917,0.0,8.209999999999994,0.0,0.3400000000000034
304,0.00013903959843330086,0.5045250228881836,0.0,8.159999999999997,0.0,0.3100000000000023
305,0.00015252511534839867,0.502360929775238,0.0,8.260000000000005,0.0,0.3400000000000034
306,0.00013607983608730138,0.5069675709724426,0.0,8.269999999999996,0.0,0.3299999999999983
307,0.00012272147212643176,0.5064036643981934,0.0,8.280000000000001,0.0,0.3299999999999983
308,0.00014293247267603874,0.5073878235816955,0.0,8.269999999999996,0.0,0.3499999999999943
309,0.00012943051028996706,0.5069534593582153,0.0,8.189999999999998,0.0,0.3299999999999983
310,0.00012255185297457502,0.5103865097999573,0.0,8.310000000000002,0.0,0.29000000000000625
311,0.00014010811891406776,0.5055805011749268,0.0,8.239999999999995,0.0,0.3499999999999943
312,0.00014628356343135236,0.5056518669128418,0.0,8.219999999999999,0.0,0.3400000000000034
313,0.00014654580102767796,0.5057105112075806,0.0,8.239999999999995,0.0,0.3199999999999932
314,0.00012886027567787095,0.5057513573646545,0.0,8.209999999999994,0.0,0.3100000000000023
315,0.00013110755012370645,0.5063586209297181,0.0,8.189999999999998,0.0,0.37000000000000455
316,0.00014333533764467575,0.5018297475814819,0.0,8.150000000000006,0.0,0.3100000000000023
317,0.00013523109044879676,0.5034700669288635,0.0,8.180000000000007,0.0,0.3400000000000034
318,0.0001468393114581704,0.5026098491668701,0.0,8.269999999999996,0.0,0.3299999999999983
319,0.00013716977641917765,0.5016686678886414,0.0,8.129999999999995,0.0,0.3499999999999943
320,0.00013602141244336964,0.5040099143028259,0.0,8.239999999999995,0.0,0.3400000000000034
321,0.00017310110550373793,0.5047842187881469,0.001999999999995339,8.230000000000004,0.0,0.3299999999999983
322,0.00013291816311888398,0.5019398335456848,0.0,8.25,0.0,0.3299999999999983
323,0.0001309944425150752,0.506122013092041,0.0,8.340000000000003,0.0,0.3299999999999983
324,0.00012730254606343805,0.5035927067756653,0.0,8.25,0.0,0.3400000000000034
325,0.00012801267710514368,0.5019380166053772,0.0,8.280000000000001,0.0,0.3400000000000034
326,0.00013129121151170693,0.50611100025177,0.0,8.36,0.0,0.3400000000000034
327,0.00013972445198334754,0.5028898842811584,0.0,8.25,0.0,0.3299999999999983
328,0.00013308865832164883,0.5027250394821167,0.0,8.209999999999994,0.0,0.35999999999999943
329,0.00014962407788960262,0.5002811861991883,0.0,8.180000000000007,0.0,0.3199999999999932
330,0.00015004879952408372,0.5007317315101624,0.0,8.230000000000004,0.0,0.29000000000000625
331,0.0001301343363383785,0.5023332836151123,0.0,8.150000000000006,0.0,0.3400000000000034
332,0.00012781454927753656,0.5008157013893128,0.0,8.239999999999995,0.0,0.29999999999999716
333,0.00013561932997312396,0.5021870326042175,0.0,8.209999999999994,0.0,0.29999999999999716
334,0.00012779065414331853,0.5036349465370178,0.0,8.200000000000003,0.0,0.3199999999999932
335,0.00013680491514503956,0.5035851031303406,0.0,8.200000000000003,0.0,0.3499999999999943
336,0.00011789129320532084,0.5028557029724121,0.0,8.180000000000007,0.0,0.35999999999999943
337,0.0001257068545371294,0.5027508043289185,0.0,8.180000000000007,0.0,0.3100000000000023
338,0.00012187107100151479,0.49910445556640626,0.0,8.200000000000003,0.0,0.3199999999999932
339,0.00013035338886082173,0.5016703256607056,0.0,8.129999999999995,0.0,0.3499999999999943
340,0.00017285453117685392,0.5010799721717835,0.0,8.230000000000004,0.0,0.3199999999999932
341,0.00014009922259836457,0.5045032758712769,0.0,8.189999999999998,0.0,0.29999999999999716
342,0.00013635153647512197,0.5030105974197387,0.0,8.25,0.0,0.3199999999999932
343,0.00013355693797580898,0.5053887494087219,0.0,8.200000000000003,0.0,0.35999999999999943
344,0.0001314119241759181,0.5046838198661804,0.0,8.260000000000005,0.0,0.3400000000000034
345,0.00012553686150349675,0.5045573621749878,0.0,8.25,0.0,0.3400000000000034
346,0.00013414493266493082,0.5034026542663574,0.0,8.379999999999995,0.0,0.3400000000000034
347,0.00012192499220138416,0.50396633310318,0.0,8.25,0.0,0.3299999999999983
348,0.00013441802765009925,0.5035366002082825,0.0,8.209999999999994,0.0,0.3499999999999943
349,0.00014118489722488449,0.5038786354064941,0.0,8.280000000000001,0.0,0.3199999999999932
350,0.00013201067708432673,0.5022087890625,0.0,8.239999999999995,0.0,0.3100000000000023
351,0.00013916853489761706,0.5021595693588257,0.0,8.209999999999994,0.0,0.3299999999999983
352,0.00014622821589000524,0.5041684301376342,0.0,8.260000000000005,0.0,0.3400000000000034
353,0.00013655878962948919,0.5045378702163696,0.0,8.280000000000001,0.0,0.3299999999999983
354,0.000126152401547879,0.5014329383850098,0.0,8.189999999999998,0.0,0.3299999999999983
355,0.00012014176618307829,0.5047757718086243,0.0,8.25,0.0,0.3299999999999983
356,0.00012002871354110539,0.5057856715202331,0.0,8.260000000000005,0.0,0.3400000000000034
357,0.00013454770529875532,0.506186231136322,0.0,8.260000000000005,0.0,0.3299999999999983
358,0.00012957928635179997,0.5023361484527588,0.0,8.290000000000006,0.0,0.3299999999999983
359,0.00011714553599595093,0.5027579733848572,0.0,8.219999999999999,0.0,0.3499999999999943
360,0.00014244098849594593,0.502877534866333,0.0,8.319999999999993,0.0,0.3299999999999983
361,0.0001414621504303068,0.5042062898635864,0.0,8.340000000000003,0.0,0.35999999999999943
362,0.00013097944354871288,0.5021236062049865,0.0,8.239999999999995,0.0,0.3499999999999943
363,0.0001562118278280832,0.5029878157615661,0.001999999999995339,8.25,0.0,0.3299999999999983
364,0.00014322627919260414,0.502703496170044,0.0,8.290000000000006,0.0,0.3299999999999983
365,0.00013295158168300986,0.5020739335060119,0.0,8.310000000000002,0.0,0.3499999999999943
366,0.00013178445044904948,0.5041288889884948,0.0,8.230000000000004,0.0,0.3499999999999943
367,0.00013703248427249492,0.5011777176856994,0.0,8.299999999999997,0.0,0.3199999999999932
368,0.00013094872277230024,0.5036148963928223,0.0,8.280000000000001,0.0,0.3400000000000034
369,0.0001271805476769805,0.5002628789901733,0.0,8.340000000000003,0.0,0.3199999999999932
370,0.00013809307120274752,0.5026897983551025,0.0,8.260000000000005,0.0,0.3299999999999983
371,0.000131630477597937,0.5009724590301514,0.0,8.290000000000006,0.0,0.3299999999999983
372,0.00013256361819803715,0.4983510707855225,0.0,8.280000000000001,0.0,0.3199999999999932
373,0.0001346656592329964,0.5019635021209716,0.0,8.310000000000002,0.0,0.3299999999999983
374,0.00012028174746781588,0.5048842546463013,0.0,8.269999999999996,0.0,0.3499999999999943
375,0.00014067228824133054,0.5011547431945801,0.0,8.290000000000006,0.0,0.3299999999999983
376,0.00013126252097077668,0.49992659463882444,0.0,8.319999999999993,0.0,0.3499999999999943
377,0.0001253493274655193,0.5044476017951965,0.0,8.370000000000005,0.0,0.3400000000000034
378,0.0001332159640546888,0.5015020506858826,0.0,8.349999999999994,0.0,0.3100000000000023
379,0.0001442634954233654,0.49788337087631224,0.0,8.299999999999997,0.0,0.3299999999999983
380,0.00013454022951656954,0.5012246633529663,0.0,8.310000000000002,0.0,0.3299999999999983
381,0.0001349518251651898,0.5015620235443116,0.0,8.290000000000006,0.0,0.3400000000000034
382,0.00012097912406432443,0.5006269739151001,0.0,8.209999999999994,0.0,0.3100000000000023
383,0.00013975991794839502,0.5024497006416321,0.0,8.25,0.0,0.35999999999999943
384,0.0001411410124145914,0.5024219228744506,0.001999999999995339,8.290000000000006,0.0,0.3400000000000034
385,0.00012762313687009736,0.5011963695526123,0.0,8.260000000000005,0.0,0.3100000000000023
386,0.00012374998529208824,0.4990037741661072,0.0,8.260000000000005,0.0,0.3199999999999932
387,0.00012982223696773873,0.5014840166091918,0.0,8.340000000000003,0.0,0.3299999999999983
388,0.00012113910606130958,0.5003296266555786,0.0,8.239999999999995,0.0,0.3299999999999983
389,0.0001417255347687751,0.5002023577690125,0.0,8.299999999999997,0.0,0.3299999999999983
390,0.0001327945457259193,0.4989839822769165,0.0,8.280000000000001,0.0,0.3400000000000034
391,0.00012817385736852885,0.49911937646865845,0.0,8.25,0.0,0.3100000000000023
392,0.00014629939026664942,0.5015529255867004,0.0,8.310000000000002,0.0,0.3299999999999983
393,0.00012628329249098896,0.5003054382324219,0.0,8.219999999999999,0.0,0.3400000000000034
394,0.0001221249372139573,0.5010831249237061,0.0,8.200000000000003,0.0,0.3400000000000034
395,0.00012818096886388957,0.4981724805831909,0.0,8.219999999999999,0.0,0.29999999999999716
396,0.00012657535763457416,0.5002556740760803,0.0,8.25,0.0,0.3499999999999943
397,0.00013888794240541757,0.5018921396255493,0.0,8.230000000000004,0.0,0.3199999999999932
398,0.00012306200026068837,0.5031365817070007,0.0,8.36,0.0,0.3299999999999983
399,0.0001292835541255772,0.4999528205871582,0.0,8.280000000000001,0.0,0.3299999999999983
400,0.00012596958587877453,0.49865926675796507,0.0,8.269999999999996,0.0,0.3299999999999983
401,0.00014771900769788772,0.4998352963447571,0.0,8.209999999999994,0.0,0.3299999999999983
402,0.0001304124573431909,0.5003167503356933,0.0,8.219999999999999,0.0,0.3400000000000034
403,0.00012892532809171827,0.4996093665122986,0.0,8.180000000000007,0.0,0.3299999999999983
404,0.00012906562853138895,0.5013187067985535,0.0,8.25,0.0,0.3299999999999983
405,0.0001235096653085202,0.5021566304206848,0.0,8.260000000000005,0.0,0.3199999999999932
406,0.00011855696100741624,0.5006995111465454,0.0,8.25,0.0,0.29999999999999716
407,0.0001298180996940937,0.49975691137313843,0.0,8.290000000000006,0.0,0.3199999999999932
408,0.00012236890259198843,0.4987407713890076,0.0,8.25,0.0,0.3199999999999932
409,0.00012305422854609786,0.49958436012268065,0.0,8.150000000000006,0.0,0.3199999999999932
410,0.00013779132806695997,0.499713019657135,0.0,8.269999999999996,0.0,0.3299999999999983
411,0.0001240713085187599,0.49803265075683595,0.0,8.290000000000006,0.0,0.3199999999999932
412,0.00013106926722452044,0.4999889705657959,0.0,8.25,0.0,0.3199999999999932
413,0.00013574539373221341,0.5005486736297607,0.0,8.25,0.0,0.3100000000000023
414,0.00012051005445886404,0.4985876609802246,0.0,8.150000000000006,0.0,0.3199999999999932
415,0.0001304031467915047,0.4992695499420166,0.0,8.25,0.0,0.3199999999999932
416,0.00011719773715361953,0.5035960625648499,0.0,8.299999999999997,0.0,0.3199999999999932
417,0.00012274892925284803,0.5029362313270569,0.0,8.219999999999999,0.0,0.35999999999999943
418,0.00013662958838045597,0.5014814464569092,0.0,8.260000000000005,0.0,0.3299999999999983
419,0.0001231859950721264,0.4987902510643005,0.0,8.25,0.0,0.3299999999999983
420,0.00012149831415619701,0.4997838638305664,0.0,8.260000000000005,0.0,0.3299999999999983
421,0.00013504991352907383,0.4996719670295715,0.0,8.209999999999994,0.0,0.3499999999999943
422,0.00012292265894589945,0.49929198932647706,0.0,8.200000000000003,0.0,0.3400000000000034
423,0.000132399028185755,0.4996390446662903,0.0,8.25,0.0,0.3199999999999932
424,0.000124943731026724,0.5000099124908447,0.0,8.180000000000007,0.0,0.3400000000000034
425,0.00013021229971200228,0.5025179540634155,0.0,8.219999999999999,0.0,0.3199999999999932
426,0.00013530255392193795,0.49625063066482544,0.0,8.180000000000007,0.0,0.3199999999999932
427,0.00011952219714410602,0.4991956194877625,0.0,8.260000000000005,0.0,0.3299999999999983
428,0.00012350858709774912,0.49856089582443236,0.0,8.189999999999998,0.0,0.3400000000000034
429,0.000119845667257905,0.4998077310562134,0.0,8.25,0.0,0.3299999999999983
430,0.00011647915390320123,0.4984854737281799,0.0,8.170000000000002,0.0,0.3199999999999932
431,0.00014618084053043276,0.4989697275161743,0.001999999999995339,8.219999999999999,0.0,0.3199999999999932
432,0.00012151759158354252,0.5013140129089355,0.0,8.180000000000007,0.0,0.3299999999999983
433,0.00012706891163659747,0.49928958501815796,0.0,8.230000000000004,0.0,0.3199999999999932
434,0.00013694624713854865,0.501655948638916,0.0,8.329999999999998,0.0,0.3299999999999983
435,0.00013553736721165477,0.49940141620635986,0.0,8.25,0.0,0.3299999999999983
436,0.00015021511263214052,0.5021054146766663,0.001999999999995339,8.340000000000003,0.0,0.3299999999999983
437,0.00013011874151183292,0.5014090369224549,0.0,8.25,0.0,0.3199999999999932
438,0.00012734180862084032,0.4987659058570862,0.0,8.299999999999997,0.0,0.3199999999999932
439,0.00013835269836243242,0.4986066162109375,0.0,8.25,0.0,0.3299999999999983
440,0.00013610843389760702,0.4994803938865662,0.001999999999995339,8.319999999999993,0.0,0.3199999999999932
441,0.00012824849765282124,0.5010909456253052,0.0,8.180000000000007,0.0,0.3299999999999983
442,0.00012449211319093593,0.5030086848258972,0.0,8.319999999999993,0.0,0.3299999999999983
443,0.0001439630242018029,0.49911356258392336,0.0,8.310000000000002,0.0,0.3400000000000034
444,0.00012403957577422262,0.5017473165512085,0.0,8.269999999999996,0.0,0.3400000000000034
445,0.00012730911809601822,0.49930752124786376,0.0,8.239999999999995,0.0,0.35999999999999943
446,0.0001249575869832188,0.4982315432548523,0.0,8.25,0.0,0.3299999999999983
447,0.0001311147197522223,0.49868945989608765,0.0,8.219999999999999,0.0,0.35999999999999943
448,0.00011516792343463749,0.5001550928115844,0.0,8.200000000000003,0.0,0.3299999999999983
449,0.00012610052849166094,0.5022983751296997,0.0,8.209999999999994,0.0,0.3100000000000023
450,0.0001302711951348465,0.5014262582778931,0.0,8.209999999999994,0.0,0.3299999999999983
451,0.00012459189044311642,0.49990908041000365,0.0,8.280000000000001,0.0,0.3199999999999932
452,0.00012339359330944716,0.49869355583190916,0.0,8.159999999999997,0.0,0.3199999999999932
453,0.00012883329660166054,0.5016376865386963,0.0,8.280000000000001,0.0,0.3400000000000034
454,0.00011286903699859977,0.49816217308044436,0.0,8.299999999999997,0.0,0.3400000000000034
455,0.0001288817051332444,0.5025076639175415,0.0,8.260000000000005,0.0,0.3299999999999983
456,0.00012070781407412142,0.49844166278839114,0.0,8.180000000000007,0.0,0.3299999999999983
457,0.00011758679530117661,0.4994237822532654,0.0,8.260000000000005,0.0,0.3499999999999943
458,0.00012274870228022337,0.4999404401779175,0.0,8.299999999999997,0.0,0.3199999999999932
459,0.00013218501838389783,0.49911833505630493,0.0,8.299999999999997,0.0,0.3299999999999983
460,0.0001268710948037915,0.49768820238113404,0.0,8.280000000000001,0.0,0.3499999999999943
461,0.0001274767220299691,0.4991707483291626,0.0,8.310000000000002,0.0,0.3199999999999932
462,0.00013431240431498737,0.498278851890564,0.0,8.200000000000003,0.0,0.3299999999999983
463,0.00013486336301080882,0.49907672424316407,0.0,8.280000000000001,0.0,0.3100000000000023
464,0.0001274735399335623,0.4982619958877563,0.0,8.310000000000002,0.0,0.3299999999999983
465,0.0001289043738413602,0.5002336035728454,0.0,8.260000000000005,0.0,0.3199999999999932
466,0.00013771682988386602,0.4983991303443909,0.0,8.260000000000005,0.0,0.3199999999999932
467,0.0001189986804430373,0.5009094753265381,0.0,8.230000000000004,0.0,0.3199999999999932
468,0.00011827109544537962,0.49927703094482423,0.0,8.25,0.0,0.3400000000000034
469,0.00011522762573324144,0.5006473219871521,0.0,8.290000000000006,0.0,0.3299999999999983
470,0.00012188114934018813,0.5001430938720703,0.0,8.299999999999997,0.0,0.3400000000000034
471,0.00012147249817848206,0.49810074100494384,0.0,8.219999999999999,0.0,0.3299999999999983
472,0.00012717586214654148,0.49872386989593503,0.0,8.280000000000001,0.0,0.3199999999999932
473,0.00012794471119064837,0.49934732236862184,0.0,8.290000000000006,0.0,0.3299999999999983
474,0.00012158354484476149,0.5009501936912537,0.0,8.25,0.0,0.3400000000000034
475,0.00011900915754958987,0.49929054250717164,0.0,8.299999999999997,0.0,0.3199999999999932
476,0.00013315965615212918,0.5012013195991516,0.0,8.280000000000001,0.0,0.3100000000000023
477,0.00012194707886315882,0.5022519264221191,0.0,8.25,0.0,0.3499999999999943
478,0.00013092851468361915,0.5021801411628724,0.0,8.329999999999998,0.0,0.3299999999999983
479,0.0001227573167067021,0.49802111597061155,0.0,8.209999999999994,0.0,0.3100000000000023
480,0.00012638167372206225,0.49667634181976317,0.0,8.230000000000004,0.0,0.3100000000000023
481,0.00011730061162263155,0.5004045139312744,0.0,8.170000000000002,0.0,0.3499999999999943
482,0.00011651661515701563,0.49861179103851316,0.0,8.370000000000005,0.0,0.3400000000000034
483,0.000126430461818818,0.4995397424697876,0.0,8.310000000000002,0.0,0.3299999999999983
484,0.00012441828212700785,0.5007844646453857,0.0,8.260000000000005,0.0,0.3199999999999932
485,0.00012256523309275508,0.499490501499176,0.0,8.189999999999998,0.0,0.3199999999999932
486,0.00013075419761240484,0.5013921113967895,0.0,8.299999999999997,0.0,0.3299999999999983
487,0.00012861598117160612,0.5008996456146241,0.0,8.299999999999997,0.0,0.3299999999999983
488,0.0001325111323292367,0.49893294019699097,0.0,8.269999999999996,0.0,0.3299999999999983
489,0.00012362214118475095,0.49852060737609866,0.0,8.25,0.0,0.3199999999999932
490,0.00013564926492981612,0.49845293006896974,0.0,8.290000000000006,0.0,0.3199999999999932
491,0.0001322339791734703,0.49827605171203615,0.0,8.280000000000001,0.0,0.3100000000000023
492,0.00012279273342341186,0.500420307636261,0.0,8.239999999999995,0.0,0.3199999999999932
493,0.0001272894856147468,0.49919682102203367,0.0,8.269999999999996,0.0,0.3199999999999932
494,0.0001231221072888002,0.4998704381942749,0.0,8.239999999999995,0.0,0.3299999999999983
495,0.00013049675860442222,0.5005801801681519,0.0,8.290000000000006,0.0,0.3299999999999983
496,0.00014568609081208706,0.49924068841934205,0.0,8.200000000000003,0.0,0.3199999999999932
497,0.00012274421978276224,0.49659314079284667,0.0,8.150000000000006,0.0,0.29999999999999716
498,0.0001392793084681034,0.5005276423454285,0.0,8.159999999999997,0.0,0.3499999999999943
499,0.00012525246245786547,0.49977868385314944,0.0,8.180000000000007,0.0,0.3400000000000034
500,0.00012090300145559013,0.5012434244155883,0.0,8.370000000000005,0.0,0.35999999999999943
